{"train/loss": 0.1956, "train/learning_rate": 1.9876883405951378e-05, "train/epoch": 0.26, "train/global_step": 2, "_timestamp": 1699561722.7954192, "_runtime": 78.88571429252625, "_step": 1}